Edad;Jugador;Posicion;Año;Temporadas_NBA;Equipo
29;Micheal Ray Richardson;B;1984-1985;6;New Jersey Nets
23;Derek Smith;E;1984-1985;2;Los Angeles Clippers
28;Calvin Natt;P;1984-1985;5;Denver Nuggets
37;Kareem Abdul-Jabbar;A;1984-1985;15;Los Angeles Lakers
28;Larry Bird;AP;1984-1985;5;Boston Celtics
26;Darrell Griffith;E;1984-1985;4;Utah Jazz
24;Sleepy Floyd;B;1984-1985;2;Golden State Warriors
25;Mark Aguirre;AP;1984-1985;3;Dallas Mavericks
25;Magic Johnson;B;1984-1985;5;Los Angeles Lakers
25;Dominique Wilkins;AP;1984-1985;2;Atlanta Hawks
32;Tom McMillen;P;1984-1985;9;Washington Bullets
22;Michael Jordan;E;1984-1985;0;Chicago Bulls
31;World B. Free;E;1984-1985;9;Cleveland Cavaliers
23;Isiah Thomas;B;1984-1985;3;Detroit Pistons
29;Micheal Ray Richardson;B;1984-1985;6;New Jersey Nets
23;Terry Cummings;P;1984-1985;2;Milwaukee Bucks
23;Derek Smith;E;1984-1985;2;Los Angeles Clippers
25;Orlando Woolridge;P;1984-1985;3;Chicago Bulls
29;Jack Sikma;A;1984-1985;7;Seattle SuperSonics
28;Bernard King;AP;1984-1985;7;New York Knicks
29;Moses Malone;A;1984-1985;8;Philadelphia Sixers
31;Alex English;AP;1984-1985;8;Denver Nuggets
26;Larry Nance;P;1984-1985;3;Phoenix Suns
26;Dominique Wilkins;AP;1985-1986;3;Atlanta Hawks
28;Herb Williams;A;1985-1986;4;Indiana Pacers
23;Charles Barkley;P;1985-1986;1;Philadelphia Sixers
30;Adrian Dantley;AP;1985-1986;9;Utah Jazz
29;Larry Bird;AP;1985-1986;6;Boston Celtics
26;Magic Johnson;B;1985-1986;6;Los Angeles Lakers
23;Charles Barkley;P;1985-1986;1;Philadelphia Sixers
28;Sidney Moncrief;E;1985-1986;6;Milwaukee Bucks
29;Larry Bird;AP;1985-1986;6;Boston Celtics
32;Alex English;AP;1985-1986;9;Denver Nuggets
23;Charles Barkley;P;1985-1986;1;Philadelphia Sixers
29;Larry Bird;AP;1985-1986;6;Boston Celtics
29;Calvin Natt;P;1985-1986;6;Denver Nuggets
23;Clyde Drexler;E;1985-1986;2;Portland Trail Blazers
26;Dominique Wilkins;AP;1985-1986;3;Atlanta Hawks
27;Larry Nance;P;1985-1986;4;Phoenix Suns
23;Alvin Robertson;E;1985-1986;1;San Antonio Spurs
27;Jeff Ruland;A;1985-1986;4;Washington Bullets
29;Larry Bird;AP;1985-1986;6;Boston Celtics
32;Alex English;AP;1985-1986;9;Denver Nuggets
23;Patrick Ewing;A;1985-1986;0;New York Knicks
25;Buck Williams;P;1985-1986;4;New Jersey Nets
24;Derek Smith;E;1985-1986;3;Los Angeles Clippers
37;Julius Erving;AP;1986-1987;14;Philadelphia Sixers
24;Michael Jordan;E;1986-1987;2;Chicago Bulls
27;Magic Johnson;B;1986-1987;7;Los Angeles Lakers
29;Larry Smith;P;1986-1987;6;Golden State Warriors
27;Magic Johnson;B;1986-1987;7;Los Angeles Lakers
23;Karl Malone;P;1986-1987;1;Utah Jazz
27;Magic Johnson;B;1986-1987;7;Los Angeles Lakers
24;Michael Jordan;E;1986-1987;2;Chicago Bulls
31;Moses Malone;A;1986-1987;10;Washington Bullets
27;Magic Johnson;B;1986-1987;7;Los Angeles Lakers
26;Fat Lever;B;1986-1987;4;Denver Nuggets
33;Alex English;AP;1986-1987;10;Denver Nuggets
24;Otis Thorpe;P;1986-1987;2;Sacramento Kings
25;Isiah Thomas;B;1986-1987;5;Detroit Pistons
30;Larry Bird;AP;1986-1987;7;Boston Celtics
24;Patrick Ewing;A;1986-1987;1;New York Knicks
27;Magic Johnson;B;1986-1987;7;Los Angeles Lakers
27;Dominique Wilkins;AP;1986-1987;4;Atlanta Hawks
27;Tom Chambers;P;1986-1987;5;Seattle SuperSonics
24;Hot Rod Williams;P;1986-1987;0;Cleveland Cavaliers
24;Alvin Robertson;E;1986-1987;2;San Antonio Spurs
33;Robert Parish;A;1986-1987;9;Boston Celtics
24;Michael Jordan;E;1986-1987;2;Chicago Bulls
24;Karl Malone;P;1987-1988;2;Utah Jazz
27;Fat Lever;B;1987-1988;5;Denver Nuggets
24;Harold Pressley;B;1987-1988;1;Sacramento Kings
25;Michael Jordan;E;1987-1988;3;Chicago Bulls
25;Michael Jordan;E;1987-1988;3;Chicago Bulls
25;Charles Barkley;P;1987-1988;3;Philadelphia Sixers
25;Clyde Drexler;E;1987-1988;4;Portland Trail Blazers
27;Bobby Hansen;E;1987-1988;4;Utah Jazz
23;Roy Tarpley;P;1987-1988;1;Dallas Mavericks
25;John Stockton;B;1987-1988;3;Utah Jazz
28;Dominique Wilkins;AP;1987-1988;5;Atlanta Hawks
31;Bernard King;AP;1987-1988;10;Washington Bullets
25;Michael Jordan;E;1987-1988;3;Chicago Bulls
28;Dominique Wilkins;AP;1987-1988;5;Atlanta Hawks
26;Byron Scott;E;1987-1988;4;Los Angeles Lakers
24;Karl Malone;P;1987-1988;2;Utah Jazz
28;Dominique Wilkins;AP;1987-1988;5;Atlanta Hawks
29;Larry Nance;P;1987-1988;6;Phoenix Suns
28;Magic Johnson;B;1987-1988;8;Los Angeles Lakers
25;Clyde Drexler;E;1987-1988;4;Portland Trail Blazers
25;Clyde Drexler;E;1987-1988;4;Portland Trail Blazers
24;Xavier McDaniel;P;1987-1988;2;Seattle SuperSonics
31;Larry Bird;AP;1987-1988;8;Boston Celtics
25;Xavier McDaniel;P;1988-1989;3;Seattle SuperSonics
25;Karl Malone;P;1988-1989;3;Utah Jazz
26;Clyde Drexler;E;1988-1989;5;Portland Trail Blazers
26;Michael Jordan;E;1988-1989;4;Chicago Bulls
26;Michael Jordan;E;1988-1989;4;Chicago Bulls
22;Kevin Johnson;B;1988-1989;1;Phoenix Suns
27;Isiah Thomas;B;1988-1989;7;Detroit Pistons
24;Chuck Person;AP;1988-1989;2;Indiana Pacers
26;Patrick Ewing;A;1988-1989;3;New York Knicks
26;Hakeem Olajuwon;A;1988-1989;4;Houston Rockets
25;Ron Harper;E;1988-1989;2;Cleveland Cavaliers
29;Tom Chambers;P;1988-1989;7;Phoenix Suns
25;Chris Mullin;AP;1988-1989;3;Golden State Warriors
26;Michael Jordan;E;1988-1989;4;Chicago Bulls
28;Dale Ellis;B;1988-1989;5;Seattle SuperSonics
29;Magic Johnson;B;1988-1989;9;Los Angeles Lakers
26;Clyde Drexler;E;1988-1989;5;Portland Trail Blazers
35;Robert Parish;A;1988-1989;11;Boston Celtics
26;Michael Adams;B;1988-1989;3;Denver Nuggets
29;Magic Johnson;B;1988-1989;9;Los Angeles Lakers
26;Patrick Ewing;A;1988-1989;3;New York Knicks
26;Michael Jordan;E;1988-1989;4;Chicago Bulls
26;Hakeem Olajuwon;A;1988-1989;4;Houston Rockets
24;David Robinson;A;1989-1990;0;San Antonio Spurs
30;Magic Johnson;B;1989-1990;10;Los Angeles Lakers
27;Charles Barkley;P;1989-1990;5;Philadelphia Sixers
27;Michael Jordan;E;1989-1990;5;Chicago Bulls
24;David Robinson;A;1989-1990;0;San Antonio Spurs
23;Kevin Johnson;B;1989-1990;2;Phoenix Suns
24;Rony Seikaly;A;1989-1990;1;Miami Heat
27;Hakeem Olajuwon;A;1989-1990;5;Houston Rockets
24;David Robinson;A;1989-1990;0;San Antonio Spurs
30;Tom Chambers;P;1989-1990;8;Phoenix Suns
23;Tim Hardaway;B;1989-1990;0;Golden State Warriors
26;Karl Malone;P;1989-1990;4;Utah Jazz
27;Alvin Robertson;E;1989-1990;5;Milwaukee Bucks
26;Ron Harper;E;1989-1990;3;Los Angeles Clippers
29;Terry Teagle;E;1989-1990;7;Golden State Warriors
26;Karl Malone;P;1989-1990;4;Utah Jazz
28;Terry Cummings;P;1989-1990;7;San Antonio Spurs
26;Chris Mullin;AP;1989-1990;4;Golden State Warriors
27;Michael Jordan;E;1989-1990;5;Chicago Bulls
27;Patrick Ewing;A;1989-1990;4;New York Knicks
27;Clyde Drexler;E;1989-1990;6;Portland Trail Blazers
27;John Stockton;B;1989-1990;5;Utah Jazz
28;Vern Fleming;E;1989-1990;5;Indiana Pacers
26;Scott Skiles;B;1990-1991;4;Orlando Magic
28;Clyde Drexler;E;1990-1991;7;Portland Trail Blazers
31;Magic Johnson;B;1990-1991;11;Los Angeles Lakers
28;Clyde Drexler;E;1990-1991;7;Portland Trail Blazers
25;Mitch Richmond;E;1990-1991;2;Golden State Warriors
25;Kenny Smith;B;1990-1991;3;Houston Rockets
22;Dennis Scott;AP;1990-1991;0;Orlando Magic
27;Gerald Wilkins;E;1990-1991;5;New York Knicks
25;Reggie Miller;E;1990-1991;3;Indiana Pacers
22;Lionel Simmons;AP;1990-1991;0;Sacramento Kings
28;Otis Thorpe;P;1990-1991;6;Houston Rockets
28;Michael Adams;B;1990-1991;5;Denver Nuggets
24;Tim Hardaway;B;1990-1991;1;Golden State Warriors
34;Bernard King;AP;1990-1991;13;Washington Bullets
31;Dominique Wilkins;AP;1990-1991;8;Atlanta Hawks
31;Ricky Pierce;E;1990-1991;8;Milwaukee Bucks
28;Michael Jordan;E;1990-1991;6;Chicago Bulls
24;Kevin Johnson;B;1990-1991;3;Phoenix Suns
28;John Stockton;B;1990-1991;6;Utah Jazz
28;Michael Jordan;E;1990-1991;6;Chicago Bulls
28;Charles Barkley;P;1990-1991;6;Philadelphia Sixers
28;Clyde Drexler;E;1990-1991;7;Portland Trail Blazers
27;Chris Mullin;AP;1990-1991;5;Golden State Warriors
28;Karl Malone;P;1991-1992;6;Utah Jazz
26;Reggie Lewis;AP;1991-1992;4;Boston Celtics
24;Mookie Blaylock;B;1991-1992;2;New Jersey Nets
26;Mark Jackson;B;1991-1992;4;New York Knicks
22;Larry Johnson;P;1991-1992;0;Charlotte Hornets
28;Joe Dumars;E;1991-1992;6;Detroit Pistons
28;Karl Malone;P;1991-1992;6;Utah Jazz
25;Danny Manning;P;1991-1992;3;Los Angeles Clippers
25;Tim Hardaway;B;1991-1992;2;Golden State Warriors
29;John Stockton;B;1991-1992;7;Utah Jazz
33;Larry Nance;P;1991-1992;10;Cleveland Cavaliers
24;Nick Anderson;B;1991-1992;2;Orlando Magic
25;Tim Hardaway;B;1991-1992;2;Golden State Warriors
29;Michael Jordan;E;1991-1992;7;Chicago Bulls
29;Patrick Ewing;A;1991-1992;6;New York Knicks
26;Scottie Pippen;AP;1991-1992;4;Chicago Bulls
24;Pervis Ellison;A;1991-1992;2;Washington Bullets
30;Dennis Rodman;P;1991-1992;5;Detroit Pistons
30;Jeff Malone;E;1991-1992;8;Utah Jazz
26;David Robinson;A;1991-1992;2;San Antonio Spurs
29;Kevin Willis;A;1991-1992;7;Atlanta Hawks
26;Brad Daugherty;A;1991-1992;5;Cleveland Cavaliers
28;Chris Mullin;AP;1991-1992;6;Golden State Warriors
23;Larry Johnson;P;1992-1993;1;Charlotte Hornets
23;Alonzo Mourning;A;1992-1993;0;Charlotte Hornets
30;Hakeem Olajuwon;A;1992-1993;8;Houston Rockets
30;Charles Barkley;P;1992-1993;8;Phoenix Suns
26;Dikembe Mutombo;A;1992-1993;1;Denver Nuggets
30;Patrick Ewing;A;1992-1993;7;New York Knicks
26;Rumeal Robinson;B;1992-1993;2;New Jersey Nets
27;Rony Seikaly;A;1992-1993;4;Miami Heat
30;Hakeem Olajuwon;A;1992-1993;8;Houston Rockets
23;Larry Johnson;P;1992-1993;1;Charlotte Hornets
25;Nick Anderson;B;1992-1993;3;Orlando Magic
29;Karl Malone;P;1992-1993;7;Utah Jazz
30;Patrick Ewing;A;1992-1993;7;New York Knicks
30;Hakeem Olajuwon;A;1992-1993;8;Houston Rockets
23;Shawn Kemp;A;1992-1993;3;Seattle SuperSonics
27;David Robinson;A;1992-1993;3;San Antonio Spurs
25;Sean Elliott;AP;1992-1993;3;San Antonio Spurs
30;Patrick Ewing;A;1992-1993;7;New York Knicks
30;Charles Barkley;P;1992-1993;8;Phoenix Suns
28;Drazen Petrovic;E;1992-1993;3;New Jersey Nets
27;David Robinson;A;1992-1993;3;San Antonio Spurs
30;Michael Jordan;E;1992-1993;8;Chicago Bulls
20;Shaquille ONeal;A;1992-1993;0;Orlando Magic
28;David Robinson;A;1993-1994;4;San Antonio Spurs
28;Scottie Pippen;AP;1993-1994;6;Chicago Bulls
27;Dikembe Mutombo;A;1993-1994;2;Denver Nuggets
24;Shawn Kemp;A;1993-1994;4;Seattle SuperSonics
31;Kevin Willis;A;1993-1994;9;Atlanta Hawks
31;Hakeem Olajuwon;A;1993-1994;9;Houston Rockets
30;Joe Dumars;E;1993-1994;8;Detroit Pistons
28;David Robinson;A;1993-1994;4;San Antonio Spurs
24;Shawn Kemp;A;1993-1994;4;Seattle SuperSonics
28;David Robinson;A;1993-1994;4;San Antonio Spurs
28;David Robinson;A;1993-1994;4;San Antonio Spurs
30;Ron Harper;E;1993-1994;7;Los Angeles Clippers
23;Kenny Anderson;B;1993-1994;2;New Jersey Nets
31;Patrick Ewing;A;1993-1994;8;New York Knicks
20;Chris Webber;P;1993-1994;0;Golden State Warriors
23;Oliver Miller;A;1993-1994;1;Phoenix Suns
28;Scottie Pippen;AP;1993-1994;6;Chicago Bulls
30;Karl Malone;P;1993-1994;8;Utah Jazz
21;Shaquille ONeal;A;1993-1994;1;Orlando Magic
28;David Robinson;A;1993-1994;4;San Antonio Spurs
26;Glen Rice;AP;1993-1994;4;Miami Heat
31;Charles Barkley;P;1993-1994;9;Phoenix Suns
31;Hakeem Olajuwon;A;1993-1994;9;Houston Rockets
31;Karl Malone;P;1994-1995;9;Utah Jazz
28;Dikembe Mutombo;A;1994-1995;3;Denver Nuggets
32;Clyde Drexler;E;1994-1995;11;Houston Rockets
29;David Robinson;A;1994-1995;5;San Antonio Spurs
27;Vlade Divac;A;1994-1995;5;Los Angeles Lakers
21;Jason Kidd;B;1994-1995;0;Dallas Mavericks
28;Rik Smits;A;1994-1995;6;Indiana Pacers
22;Shaquille ONeal;A;1994-1995;2;Orlando Magic
28;Rod Strickland;B;1994-1995;6;Portland Trail Blazers
32;Charles Barkley;P;1994-1995;10;Phoenix Suns
32;Hakeem Olajuwon;A;1994-1995;10;Houston Rockets
32;John Stockton;B;1994-1995;10;Utah Jazz
32;Patrick Ewing;A;1994-1995;9;New York Knicks
25;Larry Johnson;P;1994-1995;3;Charlotte Hornets
26;Gary Payton;E;1994-1995;4;Seattle SuperSonics
32;Hakeem Olajuwon;A;1994-1995;10;Houston Rockets
25;Cedric Ceballos;AP;1994-1995;4;Los Angeles Lakers
31;Karl Malone;P;1994-1995;9;Utah Jazz
22;Jamal Mashburn;AP;1994-1995;1;Dallas Mavericks
22;Shaquille ONeal;A;1994-1995;2;Orlando Magic
23;Penny Hardaway;B;1994-1995;1;Orlando Magic
25;Elliot Perry;B;1994-1995;3;Phoenix Suns
28;Tim Hardaway;B;1994-1995;5;Golden State Warriors
27;Dennis Scott;AP;1995-1996;5;Orlando Magic
23;Juwan Howard;P;1995-1996;1;Washington Bullets
29;Kevin Johnson;B;1995-1996;8;Phoenix Suns
31;Arvydas Sabonis;A;1995-1996;0;Portland Trail Blazers
28;Chris Gatling;P;1995-1996;4;Miami Heat
23;Grant Hill;AP;1995-1996;1;Detroit Pistons
33;Michael Jordan;E;1995-1996;10;Chicago Bulls
23;Shaquille ONeal;A;1995-1996;3;Orlando Magic
33;Hakeem Olajuwon;A;1995-1996;11;Houston Rockets
26;Shawn Kemp;A;1995-1996;6;Seattle SuperSonics
31;Armen Gilliam;P;1995-1996;8;New Jersey Nets
22;Jason Kidd;B;1995-1996;1;Dallas Mavericks
30;Reggie Miller;E;1995-1996;8;Indiana Pacers
33;Michael Jordan;E;1995-1996;10;Chicago Bulls
30;David Robinson;A;1995-1996;6;San Antonio Spurs
29;Cliff Robinson;P;1995-1996;6;Portland Trail Blazers
32;Karl Malone;P;1995-1996;10;Utah Jazz
33;Michael Jordan;E;1995-1996;10;Chicago Bulls
30;Scottie Pippen;AP;1995-1996;8;Chicago Bulls
29;Dikembe Mutombo;A;1995-1996;4;Denver Nuggets
25;Terrell Brandon;B;1995-1996;4;Cleveland Cavaliers
26;Shawn Kemp;A;1995-1996;6;Seattle SuperSonics
26;Cedric Ceballos;AP;1995-1996;5;Los Angeles Lakers
24;Penny Hardaway;B;1995-1996;2;Orlando Magic
24;Chris Webber;P;1996-1997;3;Washington Bullets
21;Allen Iverson;E;1996-1997;0;Philadelphia Sixers
24;Grant Hill;AP;1996-1997;2;Detroit Pistons
30;Kevin Johnson;B;1996-1997;9;Phoenix Suns
33;Karl Malone;P;1996-1997;11;Utah Jazz
33;Karl Malone;P;1996-1997;11;Utah Jazz
34;Patrick Ewing;A;1996-1997;11;New York Knicks
30;Loy Vaught;P;1996-1997;6;Los Angeles Clippers
31;Scottie Pippen;AP;1996-1997;9;Chicago Bulls
27;Alonzo Mourning;A;1996-1997;4;Miami Heat
29;Glen Rice;AP;1996-1997;7;Charlotte Hornets
31;Mitch Richmond;E;1996-1997;8;Sacramento Kings
24;Grant Hill;AP;1996-1997;2;Detroit Pistons
24;Glenn Robinson;AP;1996-1997;2;Milwaukee Bucks
29;Glen Rice;AP;1996-1997;7;Charlotte Hornets
30;Tim Hardaway;B;1996-1997;7;Miami Heat
26;Terrell Brandon;B;1996-1997;5;Cleveland Cavaliers
24;Shaquille ONeal;A;1996-1997;4;Los Angeles Lakers
29;Terry Mills;P;1996-1997;6;Detroit Pistons
30;Dikembe Mutombo;A;1996-1997;5;Atlanta Hawks
34;Charles Barkley;P;1996-1997;12;Houston Rockets
33;Karl Malone;P;1996-1997;11;Utah Jazz
36;Dale Ellis;B;1996-1997;13;Denver Nuggets
34;Hakeem Olajuwon;A;1996-1997;12;Houston Rockets
24;Jason Kidd;B;1997-1998;3;Phoenix Suns
28;Sam Cassell;E;1997-1998;4;New Jersey Nets
35;Michael Jordan;E;1997-1998;12;Chicago Bulls
28;Alonzo Mourning;A;1997-1998;5;Miami Heat
25;Shaquille ONeal;A;1997-1998;5;Los Angeles Lakers
24;Jason Kidd;B;1997-1998;3;Phoenix Suns
34;Karl Malone;P;1997-1998;12;Utah Jazz
21;Tim Duncan;P;1997-1998;0;San Antonio Spurs
30;Nick Anderson;B;1997-1998;8;Orlando Magic
34;Karl Malone;P;1997-1998;12;Utah Jazz
32;David Robinson;A;1997-1998;8;San Antonio Spurs
30;Jayson Williams;P;1997-1998;7;New Jersey Nets
22;Allen Iverson;E;1997-1998;1;Philadelphia Sixers
28;Steve Smith;E;1997-1998;6;Atlanta Hawks
31;Rik Smits;A;1997-1998;9;Indiana Pacers
32;David Robinson;A;1997-1998;8;San Antonio Spurs
35;Michael Jordan;E;1997-1998;12;Chicago Bulls
30;Glen Rice;AP;1997-1998;8;Charlotte Hornets
26;Wesley Person;E;1997-1998;3;Cleveland Cavaliers
34;Karl Malone;P;1997-1998;12;Utah Jazz
35;Michael Jordan;E;1997-1998;12;Chicago Bulls
25;Shaquille ONeal;A;1997-1998;5;Los Angeles Lakers
31;Dikembe Mutombo;A;1997-1998;6;Atlanta Hawks
26;Grant Hill;AP;1998-1999;4;Detroit Pistons
25;Chris Webber;P;1998-1999;5;Sacramento Kings
25;Jason Kidd;B;1998-1999;4;Phoenix Suns
35;Karl Malone;P;1998-1999;13;Utah Jazz
22;Kevin Garnett;P;1998-1999;3;Minnesota Timberwolves
30;Darrell Armstrong;B;1998-1999;4;Orlando Magic
22;Vince Carter;AP;1998-1999;0;Toronto Raptors
29;Alonzo Mourning;A;1998-1999;6;Miami Heat
22;Tim Duncan;P;1998-1999;1;San Antonio Spurs
24;Antonio McDyess;P;1998-1999;3;Denver Nuggets
22;Stephon Marbury;E;1998-1999;2;Minnesota Timberwolves
30;Gary Payton;E;1998-1999;8;Seattle SuperSonics
32;Dikembe Mutombo;A;1998-1999;7;Atlanta Hawks
21;Kobe Bryant;E;1999-2000;3;Los Angeles Lakers
30;Alonzo Mourning;A;1999-2000;7;Miami Heat
23;Tim Duncan;P;1999-2000;2;San Antonio Spurs
23;Kevin Garnett;P;1999-2000;4;Minnesota Timberwolves
27;Jalen Rose;E;1999-2000;5;Indiana Pacers
27;Shaquille ONeal;A;1999-2000;7;Los Angeles Lakers
36;Karl Malone;P;1999-2000;14;Utah Jazz
23;Vince Carter;AP;1999-2000;1;Toronto Raptors
27;Shaquille ONeal;A;1999-2000;7;Los Angeles Lakers
26;Michael Finley;B;1999-2000;4;Dallas Mavericks
33;Dikembe Mutombo;A;1999-2000;8;Atlanta Hawks
23;Steve Francis;E;1999-2000;0;Houston Rockets
27;Chris Webber;P;1999-2000;6;Sacramento Kings
27;Grant Hill;AP;1999-2000;5;Detroit Pistons
27;Chris Webber;P;1999-2000;6;Sacramento Kings
23;Kevin Garnett;P;1999-2000;4;Minnesota Timberwolves
26;Jason Kidd;B;1999-2000;5;Phoenix Suns
30;Alonzo Mourning;A;1999-2000;7;Miami Heat
27;Shaquille ONeal;A;1999-2000;7;Los Angeles Lakers
23;Tim Duncan;P;1999-2000;2;San Antonio Spurs
23;Vince Carter;AP;1999-2000;1;Toronto Raptors
23;Kevin Garnett;P;1999-2000;4;Minnesota Timberwolves
30;Sam Cassell;E;1999-2000;6;Milwaukee Bucks
25;Ray Allen;E;2000-2001;4;Milwaukee Bucks
28;Shaquille ONeal;A;2000-2001;8;Los Angeles Lakers
27;Jason Kidd;B;2000-2001;6;Phoenix Suns
23;Paul Pierce;AP;2000-2001;2;Boston Celtics
25;Cuttino Mobley;E;2000-2001;2;Houston Rockets
26;Derek Anderson;E;2000-2001;3;San Antonio Spurs
24;Vince Carter;AP;2000-2001;2;Toronto Raptors
22;Shawn Marion;P;2000-2001;1;Phoenix Suns
25;Allen Iverson;E;2000-2001;4;Philadelphia Sixers
32;Darrell Armstrong;B;2000-2001;6;Orlando Magic
24;Tim Duncan;P;2000-2001;3;San Antonio Spurs
28;Chris Webber;P;2000-2001;7;Sacramento Kings
24;Steve Francis;E;2000-2001;1;Houston Rockets
25;Allen Iverson;E;2000-2001;4;Philadelphia Sixers
28;Aaron McKie;E;2000-2001;6;Philadelphia Sixers
22;Kobe Bryant;E;2000-2001;4;Los Angeles Lakers
28;Glenn Robinson;AP;2000-2001;6;Milwaukee Bucks
28;Chris Webber;P;2000-2001;7;Sacramento Kings
26;Antonio McDyess;P;2000-2001;5;Denver Nuggets
21;Baron Davis;E;2000-2001;1;Charlotte Hornets
24;Kevin Garnett;P;2000-2001;5;Minnesota Timberwolves
24;Stephon Marbury;E;2000-2001;4;New Jersey Nets
37;Karl Malone;P;2000-2001;15;Utah Jazz
38;John Stockton;B;2000-2001;16;Utah Jazz
24;Paul Pierce;AP;2001-2002;3;Boston Celtics
25;Tim Duncan;P;2001-2002;4;San Antonio Spurs
27;Ben Wallace;P;2001-2002;5;Detroit Pistons
23;Shawn Marion;P;2001-2002;2;Phoenix Suns
28;Jason Kidd;B;2001-2002;7;New Jersey Nets
25;Tim Duncan;P;2001-2002;4;San Antonio Spurs
22;Tracy McGrady;B;2001-2002;4;Orlando Magic
25;Tim Duncan;P;2001-2002;4;San Antonio Spurs
29;Kurt Thomas;P;2001-2002;6;New York Knicks
29;Shaquille ONeal;A;2001-2002;9;Los Angeles Lakers
26;Allen Iverson;E;2001-2002;5;Philadelphia Sixers
27;Rasheed Wallace;P;2001-2002;6;Portland Trail Blazers
27;Ben Wallace;P;2001-2002;5;Detroit Pistons
29;Shaquille ONeal;A;2001-2002;9;Los Angeles Lakers
25;Andre Miller;B;2001-2002;2;Cleveland Cavaliers
38;Karl Malone;P;2001-2002;16;Utah Jazz
28;Jason Kidd;B;2001-2002;7;New Jersey Nets
29;Shaquille ONeal;A;2001-2002;9;Los Angeles Lakers
26;Allen Iverson;E;2001-2002;5;Philadelphia Sixers
23;Dirk Nowitzki;P;2001-2002;3;Dallas Mavericks
26;Allen Iverson;E;2001-2002;5;Philadelphia Sixers
23;Kobe Bryant;E;2001-2002;5;Los Angeles Lakers
26;Ray Allen;E;2001-2002;5;Milwaukee Bucks
25;Kevin Garnett;P;2001-2002;6;Minnesota Timberwolves
30;Eddie Jones;B;2001-2002;7;Miami Heat
28;Chris Webber;P;2001-2002;8;Sacramento Kings
28;Jason Kidd;B;2001-2002;7;New Jersey Nets
25;Tim Duncan;P;2001-2002;4;San Antonio Spurs
23;Jermaine ONeal;P;2001-2002;5;Indiana Pacers
33;Gary Payton;E;2001-2002;11;Seattle SuperSonics
24;Richard Hamilton;E;2001-2002;2;Washington Wizards
28;Steve Nash;E;2001-2002;5;Dallas Mavericks
25;Andre Miller;B;2001-2002;2;Cleveland Cavaliers
22;Elton Brand;P;2001-2002;2;Los Angeles Clippers
24;Paul Pierce;AP;2001-2002;3;Boston Celtics
25;Stephon Marbury;E;2001-2002;5;Phoenix Suns
25;Shareef Abdur-Rahim;P;2001-2002;5;Atlanta Hawks
25;Tim Duncan;P;2001-2002;4;San Antonio Spurs
26;Allen Iverson;E;2001-2002;5;Philadelphia Sixers
25;Kevin Garnett;P;2001-2002;6;Minnesota Timberwolves
25;Vince Carter;AP;2001-2002;3;Toronto Raptors
25;Tim Duncan;P;2001-2002;4;San Antonio Spurs
26;Ray Allen;E;2001-2002;5;Milwaukee Bucks
23;Kobe Bryant;E;2001-2002;5;Los Angeles Lakers
23;Tracy McGrady;B;2002-2003;5;Orlando Magic
24;Shawn Marion;P;2002-2003;3;Phoenix Suns
29;Jason Kidd;B;2002-2003;8;New Jersey Nets
30;Shaquille ONeal;A;2002-2003;10;Los Angeles Lakers
22;Richard Jefferson;AP;2002-2003;1;New Jersey Nets
26;Tim Duncan;P;2002-2003;5;San Antonio Spurs
28;Ben Wallace;P;2002-2003;6;Detroit Pistons
25;Peja Stojakovic;P;2002-2003;4;Sacramento Kings
27;Allen Iverson;E;2002-2003;6;Philadelphia Sixers
26;Steve Francis;E;2002-2003;3;Houston Rockets
23;Tracy McGrady;B;2002-2003;5;Orlando Magic
30;Shaquille ONeal;A;2002-2003;10;Los Angeles Lakers
40;Michael Jordan;E;2002-2003;14;Washington Wizards
27;Ray Allen;E;2002-2003;6;Seattle SuperSonics
23;Tracy McGrady;B;2002-2003;5;Orlando Magic
24;Kobe Bryant;E;2002-2003;6;Los Angeles Lakers
31;Allan Houston;E;2002-2003;9;New York Knicks
26;Tim Duncan;P;2002-2003;5;San Antonio Spurs
26;Chauncey Billups;E;2002-2003;5;Detroit Pistons
24;Kobe Bryant;E;2002-2003;6;Los Angeles Lakers
25;Paul Pierce;AP;2002-2003;4;Boston Celtics
26;Tim Duncan;P;2002-2003;5;San Antonio Spurs
26;Antoine Walker;P;2002-2003;6;Boston Celtics
26;Steve Francis;E;2002-2003;3;Houston Rockets
24;Jermaine ONeal;P;2002-2003;6;Indiana Pacers
24;Kobe Bryant;E;2002-2003;6;Los Angeles Lakers
26;Stephon Marbury;E;2002-2003;6;Phoenix Suns
40;Michael Jordan;E;2002-2003;14;Washington Wizards
24;Dirk Nowitzki;P;2002-2003;4;Dallas Mavericks
32;Lucious Harris;E;2002-2003;9;New Jersey Nets
26;Tim Duncan;P;2002-2003;5;San Antonio Spurs
29;Jason Kidd;B;2002-2003;8;New Jersey Nets
26;Tim Duncan;P;2002-2003;5;San Antonio Spurs
26;Antoine Walker;P;2002-2003;6;Boston Celtics
29;Chris Webber;P;2002-2003;9;Sacramento Kings
25;Paul Pierce;AP;2002-2003;4;Boston Celtics
24;Kobe Bryant;E;2002-2003;6;Los Angeles Lakers
27;Allen Iverson;E;2002-2003;6;Philadelphia Sixers
26;Stephon Marbury;E;2002-2003;6;Phoenix Suns
27;Allen Iverson;E;2002-2003;6;Philadelphia Sixers
26;Kevin Garnett;P;2002-2003;7;Minnesota Timberwolves
23;Metta World Peace;AP;2002-2003;3;Indiana Pacers
23;Rashard Lewis;P;2002-2003;4;Seattle SuperSonics
28;Jerry Stackhouse;AP;2002-2003;7;Washington Wizards
24;Dirk Nowitzki;P;2002-2003;4;Dallas Mavericks
30;Glenn Robinson;AP;2002-2003;8;Atlanta Hawks
24;Kobe Bryant;E;2002-2003;6;Los Angeles Lakers
25;Jamaal Magloire;A;2003-2004;3;New Orleans Hornets
19;Carmelo Anthony;P;2003-2004;0;Denver Nuggets
23;Richard Jefferson;AP;2003-2004;2;New Jersey Nets
25;Dirk Nowitzki;P;2003-2004;5;Dallas Mavericks
24;Metta World Peace;AP;2003-2004;4;Indiana Pacers
25;Kobe Bryant;E;2003-2004;7;Los Angeles Lakers
27;Vince Carter;AP;2003-2004;5;Toronto Raptors
31;Shaquille ONeal;A;2003-2004;11;Los Angeles Lakers
28;Zydrunas Ilgauskas;A;2003-2004;7;Cleveland Cavaliers
19;Carmelo Anthony;P;2003-2004;0;Denver Nuggets
24;Lamar Odom;P;2003-2004;4;Miami Heat
23;Yao Ming;A;2003-2004;1;Houston Rockets
29;Ben Wallace;P;2003-2004;7;Detroit Pistons
23;Andrei Kirilenko;P;2003-2004;2;Utah Jazz
22;Dwyane Wade;E;2003-2004;0;Miami Heat
25;Kobe Bryant;E;2003-2004;7;Los Angeles Lakers
26;Kenyon Martin;P;2003-2004;3;New Jersey Nets
27;Tim Duncan;P;2003-2004;6;San Antonio Spurs
30;Jason Kidd;B;2003-2004;9;New Jersey Nets
27;Kevin Garnett;P;2003-2004;8;Minnesota Timberwolves
22;Carlos Boozer;P;2003-2004;1;Cleveland Cavaliers
27;Kevin Garnett;P;2003-2004;8;Minnesota Timberwolves
27;Stephon Marbury;E;2003-2004;7;New York Knicks
30;Michael Finley;B;2003-2004;8;Dallas Mavericks
26;Paul Pierce;AP;2003-2004;5;Boston Celtics
28;Ray Allen;E;2003-2004;7;Seattle SuperSonics
29;Ben Wallace;P;2003-2004;7;Detroit Pistons
24;Elton Brand;P;2003-2004;4;Los Angeles Clippers
30;Jason Kidd;B;2003-2004;9;New Jersey Nets
34;Sam Cassell;E;2003-2004;10;Minnesota Timberwolves
24;Tracy McGrady;B;2003-2004;6;Orlando Magic
27;Kevin Garnett;P;2003-2004;8;Minnesota Timberwolves
26;Paul Pierce;AP;2003-2004;5;Boston Celtics
26;Peja Stojakovic;P;2003-2004;5;Sacramento Kings
27;Vince Carter;AP;2003-2004;5;Toronto Raptors
31;Shaquille ONeal;A;2003-2004;11;Los Angeles Lakers
37;Dikembe Mutombo;A;2003-2004;12;New York Knicks
30;Voshon Lenard;E;2003-2004;8;Denver Nuggets
27;Chauncey Billups;E;2003-2004;6;Detroit Pistons
27;Kevin Garnett;P;2003-2004;8;Minnesota Timberwolves
28;Allen Iverson;E;2003-2004;7;Philadelphia Sixers
23;Quentin Richardson;B;2003-2004;3;Los Angeles Clippers
24;Metta World Peace;AP;2003-2004;4;Indiana Pacers
23;Andrei Kirilenko;P;2003-2004;2;Utah Jazz
24;Baron Davis;E;2003-2004;4;New Orleans Hornets
24;Rashard Lewis;P;2003-2004;5;Seattle SuperSonics
31;Jason Kidd;B;2004-2005;10;New Jersey Nets
25;Tracy McGrady;B;2004-2005;7;Houston Rockets
28;Vince Carter;AP;2004-2005;6;New Jersey Nets
25;Baron Davis;E;2004-2005;5;Golden State Warriors
39;Reggie Miller;E;2004-2005;17;Indiana Pacers
25;Baron Davis;E;2004-2005;5;Golden State Warriors
29;Allen Iverson;E;2004-2005;8;Philadelphia Sixers
29;Ray Allen;E;2004-2005;8;Seattle SuperSonics
28;Chauncey Billups;E;2004-2005;7;Detroit Pistons
24;Jason Richardson;B;2004-2005;3;Golden State Warriors
27;Paul Pierce;AP;2004-2005;6;Boston Celtics
25;Tracy McGrady;B;2004-2005;7;Houston Rockets
29;Allen Iverson;E;2004-2005;8;Philadelphia Sixers
30;Marcus Camby;A;2004-2005;8;Denver Nuggets
32;Jalen Rose;E;2004-2005;10;Toronto Raptors
26;Mike Bibby;E;2004-2005;6;Sacramento Kings
29;Allen Iverson;E;2004-2005;8;Philadelphia Sixers
31;Steve Nash;E;2004-2005;8;Phoenix Suns
27;Paul Pierce;AP;2004-2005;6;Boston Celtics
25;Tracy McGrady;B;2004-2005;7;Houston Rockets
28;Vince Carter;AP;2004-2005;6;New Jersey Nets
28;Brad Miller;A;2004-2005;6;Sacramento Kings
20;LeBron James;P;2004-2005;1;Cleveland Cavaliers
27;Jason Terry;E;2004-2005;5;Dallas Mavericks
26;Larry Hughes;E;2004-2005;6;Washington Wizards
25;Tracy McGrady;B;2004-2005;7;Houston Rockets
20;Chris Bosh;P;2004-2005;1;Toronto Raptors
33;Bruce Bowen;P;2004-2005;9;San Antonio Spurs
28;Stephon Marbury;E;2004-2005;8;New York Knicks
24;Pau Gasol;P;2004-2005;3;Memphis Grizzlies
29;Allen Iverson;E;2004-2005;8;Philadelphia Sixers
31;Steve Nash;E;2004-2005;8;Phoenix Suns
32;Shaquille ONeal;A;2004-2005;12;Miami Heat
26;Shawn Marion;P;2004-2005;5;Phoenix Suns
24;Richard Jefferson;AP;2004-2005;3;New Jersey Nets
22;Amare Stoudemire;P;2004-2005;2;Phoenix Suns
23;Gilbert Arenas;E;2004-2005;3;Washington Wizards
26;Dirk Nowitzki;P;2004-2005;6;Dallas Mavericks
20;LeBron James;P;2004-2005;1;Cleveland Cavaliers
26;Shawn Marion;P;2004-2005;5;Phoenix Suns
32;Grant Hill;AP;2004-2005;10;Orlando Magic
22;Amare Stoudemire;P;2004-2005;2;Phoenix Suns
20;LeBron James;P;2004-2005;1;Cleveland Cavaliers
29;Ray Allen;E;2004-2005;8;Seattle SuperSonics
23;Dwyane Wade;E;2004-2005;1;Miami Heat
28;Kevin Garnett;P;2004-2005;9;Minnesota Timberwolves
22;Ben Gordon;E;2005-2006;1;Chicago Bulls
27;Kobe Bryant;E;2005-2006;9;Los Angeles Lakers
25;Jamal Crawford;E;2005-2006;5;New York Knicks
23;Chris Wilcox;P;2005-2006;3;Seattle SuperSonics
21;LeBron James;P;2005-2006;2;Cleveland Cavaliers
25;Yao Ming;A;2005-2006;3;Houston Rockets
21;LeBron James;P;2005-2006;2;Cleveland Cavaliers
25;Pau Gasol;P;2005-2006;4;Memphis Grizzlies
21;LeBron James;P;2005-2006;2;Cleveland Cavaliers
21;Carmelo Anthony;P;2005-2006;2;Denver Nuggets
28;Paul Pierce;AP;2005-2006;7;Boston Celtics
27;Mike Bibby;E;2005-2006;7;Sacramento Kings
30;Allen Iverson;E;2005-2006;9;Philadelphia Sixers
25;Pau Gasol;P;2005-2006;4;Memphis Grizzlies
24;Gilbert Arenas;E;2005-2006;4;Washington Wizards
25;Yao Ming;A;2005-2006;3;Houston Rockets
24;Gilbert Arenas;E;2005-2006;4;Washington Wizards
23;Tony Parker;E;2005-2006;4;San Antonio Spurs
21;Chris Bosh;P;2005-2006;2;Toronto Raptors
20;Chris Paul;B;2005-2006;0;New Orleans Hornets
21;LeBron James;P;2005-2006;2;Cleveland Cavaliers
26;Elton Brand;P;2005-2006;6;Los Angeles Clippers
28;Richard Hamilton;E;2005-2006;6;Detroit Pistons
27;Kobe Bryant;E;2005-2006;9;Los Angeles Lakers
30;Allen Iverson;E;2005-2006;9;Philadelphia Sixers
29;Kevin Garnett;P;2005-2006;10;Minnesota Timberwolves
30;Mike James;E;2005-2006;4;Toronto Raptors
32;Steve Nash;E;2005-2006;9;Phoenix Suns
24;Dwyane Wade;E;2005-2006;2;Miami Heat
27;Shawn Marion;P;2005-2006;6;Phoenix Suns
29;Vince Carter;AP;2005-2006;7;New Jersey Nets
27;Kobe Bryant;E;2005-2006;9;Los Angeles Lakers
24;Joe Johnson;E;2005-2006;4;Atlanta Hawks
27;Kobe Bryant;E;2005-2006;9;Los Angeles Lakers
30;Allen Iverson;E;2005-2006;9;Philadelphia Sixers
26;Elton Brand;P;2005-2006;6;Los Angeles Clippers
24;Dwyane Wade;E;2005-2006;2;Miami Heat
26;Baron Davis;E;2005-2006;6;Golden State Warriors
23;Gerald Wallace;P;2005-2006;4;Charlotte Bobcats
32;Steve Nash;E;2005-2006;9;Phoenix Suns
21;LeBron James;P;2005-2006;2;Cleveland Cavaliers
26;Elton Brand;P;2005-2006;6;Los Angeles Clippers
24;Gilbert Arenas;E;2005-2006;4;Washington Wizards
31;Marcus Camby;A;2005-2006;9;Denver Nuggets
22;T.J. Ford;B;2005-2006;2;Milwaukee Bucks
27;Kobe Bryant;E;2005-2006;9;Los Angeles Lakers
23;Ben Gordon;E;2006-2007;2;Chicago Bulls
27;Tracy McGrady;B;2006-2007;9;Houston Rockets
24;Gerald Wallace;P;2006-2007;5;Charlotte Bobcats
30;Tim Duncan;P;2006-2007;9;San Antonio Spurs
22;Chris Bosh;P;2006-2007;3;Toronto Raptors
26;Yao Ming;A;2006-2007;4;Houston Rockets
24;Gerald Wallace;P;2006-2007;5;Charlotte Bobcats
28;Kobe Bryant;E;2006-2007;10;Los Angeles Lakers
33;Jason Kidd;B;2006-2007;12;New Jersey Nets
28;Kobe Bryant;E;2006-2007;10;Los Angeles Lakers
22;LeBron James;P;2006-2007;3;Cleveland Cavaliers
29;Manu Ginobili;E;2006-2007;4;San Antonio Spurs
22;Al Jefferson;P;2006-2007;2;Boston Celtics
24;Kevin Martin;E;2006-2007;2;Sacramento Kings
30;Vince Carter;AP;2006-2007;8;New Jersey Nets
24;Amare Stoudemire;P;2006-2007;4;Phoenix Suns
25;Dwyane Wade;E;2006-2007;3;Miami Heat
22;Carmelo Anthony;P;2006-2007;3;Denver Nuggets
25;Dwyane Wade;E;2006-2007;3;Miami Heat
27;Mehmet Okur;P;2006-2007;4;Utah Jazz
23;Ben Gordon;E;2006-2007;2;Chicago Bulls
33;Steve Nash;E;2006-2007;10;Phoenix Suns
26;Caron Butler;AP;2006-2007;4;Washington Wizards
33;Steve Nash;E;2006-2007;10;Phoenix Suns
25;Dwyane Wade;E;2006-2007;3;Miami Heat
28;Dirk Nowitzki;P;2006-2007;8;Dallas Mavericks
25;Gilbert Arenas;E;2006-2007;5;Washington Wizards
30;Kevin Garnett;P;2006-2007;11;Minnesota Timberwolves
27;Michael Redd;E;2006-2007;6;Milwaukee Bucks
26;Josh Howard;B;2006-2007;3;Dallas Mavericks
24;Mo Williams;E;2006-2007;3;Milwaukee Bucks
26;Josh Howard;B;2006-2007;3;Dallas Mavericks
25;Gilbert Arenas;E;2006-2007;5;Washington Wizards
25;Carlos Boozer;P;2006-2007;4;Utah Jazz
25;Gilbert Arenas;E;2006-2007;5;Washington Wizards
33;Steve Nash;E;2006-2007;10;Phoenix Suns
27;Michael Redd;E;2006-2007;6;Milwaukee Bucks
22;Carmelo Anthony;P;2006-2007;3;Denver Nuggets
21;Dwight Howard;A;2006-2007;2;Orlando Magic
22;Carmelo Anthony;P;2006-2007;3;Denver Nuggets
22;LeBron James;P;2006-2007;3;Cleveland Cavaliers
28;Dirk Nowitzki;P;2006-2007;8;Dallas Mavericks
25;Joe Johnson;E;2006-2007;5;Atlanta Hawks
26;Yao Ming;A;2006-2007;4;Houston Rockets
31;Allen Iverson;E;2006-2007;10;Philadelphia Sixers
25;Carlos Boozer;P;2006-2007;4;Utah Jazz
31;Kevin Garnett;P;2007-2008;12;Boston Celtics
32;Allen Iverson;E;2007-2008;11;Denver Nuggets
26;Joe Johnson;E;2007-2008;6;Atlanta Hawks
29;Kobe Bryant;E;2007-2008;11;Los Angeles Lakers
27;Jason Richardson;B;2007-2008;6;Charlotte Bobcats
23;Carmelo Anthony;P;2007-2008;4;Denver Nuggets
31;Kevin Garnett;P;2007-2008;12;Boston Celtics
22;Chris Paul;B;2007-2008;2;New Orleans Hornets
31;Antawn Jamison;P;2007-2008;9;Washington Wizards
25;Amare Stoudemire;P;2007-2008;5;Phoenix Suns
27;Jason Richardson;B;2007-2008;6;Charlotte Bobcats
28;Tracy McGrady;B;2007-2008;10;Houston Rockets
31;Andre Miller;B;2007-2008;8;Philadelphia Sixers
29;Kobe Bryant;E;2007-2008;11;Los Angeles Lakers
23;LeBron James;P;2007-2008;4;Cleveland Cavaliers
30;Manu Ginobili;E;2007-2008;5;San Antonio Spurs
31;Andre Miller;B;2007-2008;8;Philadelphia Sixers
25;Amare Stoudemire;P;2007-2008;5;Phoenix Suns
28;Hedo Turkoglu;P;2007-2008;7;Orlando Magic
31;Brad Miller;A;2007-2008;9;Sacramento Kings
28;Hedo Turkoglu;P;2007-2008;7;Orlando Magic
23;Al Jefferson;P;2007-2008;3;Minnesota Timberwolves
25;Gerald Wallace;P;2007-2008;6;Charlotte Bobcats
28;Baron Davis;E;2007-2008;8;Golden State Warriors
23;Chris Bosh;P;2007-2008;4;Toronto Raptors
29;Kobe Bryant;E;2007-2008;11;Los Angeles Lakers
23;LeBron James;P;2007-2008;4;Cleveland Cavaliers
32;Allen Iverson;E;2007-2008;11;Denver Nuggets
30;Paul Pierce;AP;2007-2008;9;Boston Celtics
22;Chris Paul;B;2007-2008;2;New Orleans Hornets
26;Joe Johnson;E;2007-2008;6;Atlanta Hawks
23;Carmelo Anthony;P;2007-2008;4;Denver Nuggets
30;Paul Pierce;AP;2007-2008;9;Boston Celtics
23;Brandon Roy;E;2007-2008;1;Portland Trail Blazers
22;Josh Smith;P;2007-2008;3;Atlanta Hawks
23;Brandon Roy;E;2007-2008;1;Portland Trail Blazers
22;Dwight Howard;A;2007-2008;3;Orlando Magic
29;Stephen Jackson;B;2007-2008;10;Golden State Warriors
23;LeBron James;P;2007-2008;4;Cleveland Cavaliers
25;Tony Parker;E;2007-2008;6;San Antonio Spurs
22;Dwight Howard;A;2007-2008;3;Orlando Magic
32;Allen Iverson;E;2007-2008;11;Denver Nuggets
31;Kevin Garnett;P;2007-2008;12;Boston Celtics
27;Yao Ming;A;2007-2008;5;Houston Rockets
24;Danny Granger;B;2007-2008;2;Indiana Pacers
28;Tracy McGrady;B;2007-2008;10;Houston Rockets
25;Ben Gordon;E;2008-2009;4;Chicago Bulls
24;Brandon Roy;E;2008-2009;2;Portland Trail Blazers
23;Dwight Howard;A;2008-2009;4;Orlando Magic
35;Jason Kidd;B;2008-2009;14;Dallas Mavericks
23;Dwight Howard;A;2008-2009;4;Orlando Magic
26;Tony Parker;E;2008-2009;7;San Antonio Spurs
24;LeBron James;P;2008-2009;5;Cleveland Cavaliers
23;Chris Paul;B;2008-2009;3;New Orleans Hornets
24;LeBron James;P;2008-2009;5;Cleveland Cavaliers
30;Kobe Bryant;E;2008-2009;12;Los Angeles Lakers
27;Dwyane Wade;E;2008-2009;5;Miami Heat
24;Deron Williams;B;2008-2009;3;Utah Jazz
26;Devin Harris;E;2008-2009;4;New Jersey Nets
28;David West;P;2008-2009;5;New Orleans Hornets
23;Dwight Howard;A;2008-2009;4;Orlando Magic
28;Pau Gasol;P;2008-2009;7;Los Angeles Lakers
24;LeBron James;P;2008-2009;5;Cleveland Cavaliers
28;Pau Gasol;P;2008-2009;7;Los Angeles Lakers
25;David Lee;P;2008-2009;3;New York Knicks
26;Tony Parker;E;2008-2009;7;San Antonio Spurs
24;LeBron James;P;2008-2009;5;Cleveland Cavaliers
21;Andrew Bynum;A;2008-2009;3;Los Angeles Lakers
27;Jameer Nelson;E;2008-2009;4;Orlando Magic
23;Chris Paul;B;2008-2009;3;New Orleans Hornets
23;Dwight Howard;A;2008-2009;4;Orlando Magic
30;Kobe Bryant;E;2008-2009;12;Los Angeles Lakers
22;Rodney Stuckey;E;2008-2009;1;Detroit Pistons
24;Al Jefferson;P;2008-2009;4;Minnesota Timberwolves
24;LeBron James;P;2008-2009;5;Cleveland Cavaliers
30;Kobe Bryant;E;2008-2009;12;Los Angeles Lakers
27;Jameer Nelson;E;2008-2009;4;Orlando Magic
23;Chris Paul;B;2008-2009;3;New Orleans Hornets
29;Al Harrington;P;2008-2009;10;New York Knicks
32;Tim Duncan;P;2008-2009;11;San Antonio Spurs
27;Dwyane Wade;E;2008-2009;5;Miami Heat
30;Dirk Nowitzki;P;2008-2009;10;Dallas Mavericks
26;Devin Harris;E;2008-2009;4;New Jersey Nets
24;Brandon Roy;E;2008-2009;2;Portland Trail Blazers
27;Dwyane Wade;E;2008-2009;5;Miami Heat
30;Dirk Nowitzki;P;2008-2009;10;Dallas Mavericks
24;LeBron James;P;2008-2009;5;Cleveland Cavaliers
32;Chauncey Billups;E;2008-2009;11;Denver Nuggets
24;LeBron James;P;2008-2009;5;Cleveland Cavaliers
26;Amare Stoudemire;P;2008-2009;6;Phoenix Suns
24;Chris Bosh;P;2008-2009;5;Toronto Raptors
23;Chris Paul;B;2008-2009;3;New Orleans Hornets
24;Dwight Howard;A;2009-2010;5;Orlando Magic
31;Dirk Nowitzki;P;2009-2010;11;Dallas Mavericks
25;Chris Bosh;P;2009-2010;6;Toronto Raptors
21;Kevin Durant;AP;2009-2010;2;Oklahoma City Thunder
28;Dwyane Wade;E;2009-2010;6;Miami Heat
32;Manu Ginobili;E;2009-2010;7;San Antonio Spurs
32;Paul Pierce;AP;2009-2010;11;Boston Celtics
29;Pau Gasol;P;2009-2010;8;Los Angeles Lakers
25;Andrew Bogut;A;2009-2010;4;Milwaukee Bucks
25;Brandon Roy;E;2009-2010;3;Portland Trail Blazers
28;Dwyane Wade;E;2009-2010;6;Miami Heat
31;Dirk Nowitzki;P;2009-2010;11;Dallas Mavericks
25;LeBron James;P;2009-2010;6;Cleveland Cavaliers
31;Dirk Nowitzki;P;2009-2010;11;Dallas Mavericks
24;Dwight Howard;A;2009-2010;5;Orlando Magic
28;Carlos Boozer;P;2009-2010;7;Utah Jazz
25;LeBron James;P;2009-2010;6;Cleveland Cavaliers
21;Russell Westbrook;E;2009-2010;1;Oklahoma City Thunder
25;Chris Bosh;P;2009-2010;6;Toronto Raptors
21;Kevin Durant;AP;2009-2010;2;Oklahoma City Thunder
25;LeBron James;P;2009-2010;6;Cleveland Cavaliers
33;Chauncey Billups;E;2009-2010;12;Denver Nuggets
31;Stephen Jackson;B;2009-2010;12;Charlotte Bobcats
25;Carmelo Anthony;P;2009-2010;6;Denver Nuggets
25;LeBron James;P;2009-2010;6;Cleveland Cavaliers
27;Chris Kaman;A;2009-2010;6;Los Angeles Clippers
21;Derrick Rose;B;2009-2010;1;Chicago Bulls
21;Kevin Durant;AP;2009-2010;2;Oklahoma City Thunder
25;LeBron James;P;2009-2010;6;Cleveland Cavaliers
31;Kobe Bryant;E;2009-2010;13;Los Angeles Lakers
24;Dwight Howard;A;2009-2010;5;Orlando Magic
31;Kobe Bryant;E;2009-2010;13;Los Angeles Lakers
23;Rodney Stuckey;E;2009-2010;2;Detroit Pistons
25;Deron Williams;B;2009-2010;4;Utah Jazz
33;Kevin Garnett;P;2009-2010;14;Boston Celtics
28;Carlos Boozer;P;2009-2010;7;Utah Jazz
27;Gerald Wallace;P;2009-2010;8;Charlotte Bobcats
33;Tim Duncan;P;2009-2010;12;San Antonio Spurs
25;LeBron James;P;2009-2010;6;Cleveland Cavaliers
31;Kobe Bryant;E;2009-2010;13;Los Angeles Lakers
20;Brandon Jennings;E;2009-2010;0;Milwaukee Bucks
31;Dirk Nowitzki;P;2009-2010;11;Dallas Mavericks
28;Joe Johnson;E;2009-2010;8;Atlanta Hawks
27;Chris Kaman;A;2009-2010;6;Los Angeles Clippers
24;Dwight Howard;A;2009-2010;5;Orlando Magic
25;Carmelo Anthony;P;2009-2010;6;Denver Nuggets
26;Carmelo Anthony;P;2010-2011;7;New York Knicks
22;Kevin Durant;AP;2010-2011;3;Oklahoma City Thunder
26;Carmelo Anthony;P;2010-2011;7;New York Knicks
29;Zach Randolph;P;2010-2011;9;Memphis Grizzlies
25;Dwight Howard;A;2010-2011;6;Orlando Magic
32;Kobe Bryant;E;2010-2011;14;Los Angeles Lakers
26;LeBron James;P;2010-2011;7;Miami Heat
24;Kyle Lowry;B;2010-2011;4;Houston Rockets
29;Dwyane Wade;E;2010-2011;7;Miami Heat
28;Tony Parker;E;2010-2011;9;San Antonio Spurs
33;Paul Pierce;AP;2010-2011;12;Boston Celtics
22;Russell Westbrook;E;2010-2011;2;Oklahoma City Thunder
25;Dwight Howard;A;2010-2011;6;Orlando Magic
28;Kevin Martin;E;2010-2011;6;Houston Rockets
25;Dwight Howard;A;2010-2011;6;Orlando Magic
25;LaMarcus Aldridge;P;2010-2011;4;Portland Trail Blazers
26;LeBron James;P;2010-2011;7;Miami Heat
22;Kevin Durant;AP;2010-2011;3;Oklahoma City Thunder
26;LeBron James;P;2010-2011;7;Miami Heat
29;Zach Randolph;P;2010-2011;9;Memphis Grizzlies
25;Dwight Howard;A;2010-2011;6;Orlando Magic
25;LaMarcus Aldridge;P;2010-2011;4;Portland Trail Blazers
22;Derrick Rose;B;2010-2011;2;Chicago Bulls
22;Russell Westbrook;E;2010-2011;2;Oklahoma City Thunder
26;LeBron James;P;2010-2011;7;Miami Heat
29;Zach Randolph;P;2010-2011;9;Memphis Grizzlies
29;Dwyane Wade;E;2010-2011;7;Miami Heat
34;Chauncey Billups;E;2010-2011;13;Denver Nuggets
26;LeBron James;P;2010-2011;7;Miami Heat
25;Monta Ellis;E;2010-2011;5;Golden State Warriors
33;Paul Pierce;AP;2010-2011;12;Boston Celtics
28;Tony Parker;E;2010-2011;9;San Antonio Spurs
29;Dwyane Wade;E;2010-2011;7;Miami Heat
32;Dirk Nowitzki;P;2010-2011;12;Dallas Mavericks
28;Amare Stoudemire;P;2010-2011;8;New York Knicks
22;Russell Westbrook;E;2010-2011;2;Oklahoma City Thunder
25;Dwight Howard;A;2010-2011;6;Orlando Magic
32;Dirk Nowitzki;P;2010-2011;12;Dallas Mavericks
28;Amare Stoudemire;P;2010-2011;8;New York Knicks
22;Russell Westbrook;E;2010-2011;2;Oklahoma City Thunder
22;Derrick Rose;B;2010-2011;2;Chicago Bulls
26;Deron Williams;B;2010-2011;5;Utah Jazz
25;Dwight Howard;A;2010-2011;6;Orlando Magic
25;Chris Paul;B;2010-2011;5;New Orleans Hornets
25;Rajon Rondo;B;2010-2011;4;Boston Celtics
30;Pau Gasol;P;2010-2011;9;Los Angeles Lakers
27;LeBron James;P;2011-2012;8;Miami Heat
27;Al Jefferson;P;2011-2012;7;Utah Jazz
35;Kevin Garnett;P;2011-2012;16;Boston Celtics
24;Andrew Bynum;A;2011-2012;6;Los Angeles Lakers
27;LeBron James;P;2011-2012;8;Miami Heat
25;Goran Dragic;E;2011-2012;3;Houston Rockets
34;Paul Pierce;AP;2011-2012;13;Boston Celtics
26;Chris Paul;B;2011-2012;6;Los Angeles Clippers
30;Joe Johnson;E;2011-2012;10;Atlanta Hawks
23;Kevin Durant;AP;2011-2012;4;Oklahoma City Thunder
30;Drew Gooden;P;2011-2012;9;Milwaukee Bucks
24;Andrew Bynum;A;2011-2012;6;Los Angeles Lakers
24;Ersan Ilyasova;P;2011-2012;4;Milwaukee Bucks
26;Monta Ellis;E;2011-2012;6;Golden State Warriors
23;Derrick Rose;B;2011-2012;3;Chicago Bulls
24;Ty Lawson;B;2011-2012;2;Denver Nuggets
27;LeBron James;P;2011-2012;8;Miami Heat
23;Kevin Durant;AP;2011-2012;4;Oklahoma City Thunder
23;Jeremy Lin;E;2011-2012;1;New York Knicks
23;Russell Westbrook;E;2011-2012;3;Oklahoma City Thunder
34;Paul Pierce;AP;2011-2012;13;Boston Celtics
29;Tony Parker;E;2011-2012;10;San Antonio Spurs
27;LeBron James;P;2011-2012;8;Miami Heat
23;Russell Westbrook;E;2011-2012;3;Oklahoma City Thunder
26;Dwight Howard;A;2011-2012;7;Orlando Magic
27;Marc Gasol;A;2011-2012;3;Memphis Grizzlies
23;Derrick Rose;B;2011-2012;3;Chicago Bulls
33;Kobe Bryant;E;2011-2012;15;Los Angeles Lakers
27;LeBron James;P;2011-2012;8;Miami Heat
33;Kobe Bryant;E;2011-2012;15;Los Angeles Lakers
27;LeBron James;P;2011-2012;8;Miami Heat
23;Kevin Durant;AP;2011-2012;4;Oklahoma City Thunder
28;Carmelo Anthony;P;2012-2013;9;New York Knicks
34;Kobe Bryant;E;2012-2013;16;Los Angeles Lakers
28;Carmelo Anthony;P;2012-2013;9;New York Knicks
27;Nikola Pekovic;P;2012-2013;2;Minnesota Timberwolves
27;J.R. Smith;E;2012-2013;8;New York Knicks
28;Al Jefferson;P;2012-2013;8;Utah Jazz
28;LeBron James;P;2012-2013;9;Miami Heat
23;James Harden;E;2012-2013;3;Houston Rockets
22;John Wall;B;2012-2013;2;Washington Wizards
27;LaMarcus Aldridge;P;2012-2013;6;Portland Trail Blazers
31;Dwyane Wade;E;2012-2013;9;Miami Heat
34;Kobe Bryant;E;2012-2013;16;Los Angeles Lakers
27;Monta Ellis;E;2012-2013;7;Milwaukee Bucks
25;Ty Lawson;B;2012-2013;3;Denver Nuggets
28;LeBron James;P;2012-2013;9;Miami Heat
34;Kobe Bryant;E;2012-2013;16;Los Angeles Lakers
28;LeBron James;P;2012-2013;9;Miami Heat
24;Russell Westbrook;E;2012-2013;4;Oklahoma City Thunder
28;Nate Robinson;E;2012-2013;7;Chicago Bulls
29;David Lee;P;2012-2013;7;Golden State Warriors
20;Kyrie Irving;E;2012-2013;1;Cleveland Cavaliers
30;Tony Parker;E;2012-2013;11;San Antonio Spurs
31;Carlos Boozer;P;2012-2013;10;Chicago Bulls
24;Kevin Durant;AP;2012-2013;5;Oklahoma City Thunder
23;Brandon Jennings;E;2012-2013;3;Milwaukee Bucks
24;Kevin Durant;AP;2012-2013;5;Oklahoma City Thunder
28;Carmelo Anthony;P;2012-2013;9;New York Knicks
23;James Harden;E;2012-2013;3;Houston Rockets
27;Monta Ellis;E;2012-2013;7;Milwaukee Bucks
26;Greivis Vasquez;E;2012-2013;2;New Orleans Hornets
28;LeBron James;P;2012-2013;9;Miami Heat
27;Chris Paul;B;2012-2013;7;Los Angeles Clippers
22;Paul George;B;2012-2013;2;Indiana Pacers
29;David Lee;P;2012-2013;7;Golden State Warriors
27;Josh Smith;P;2012-2013;8;Atlanta Hawks
23;Blake Griffin;P;2012-2013;3;Los Angeles Clippers
28;Carmelo Anthony;P;2012-2013;9;New York Knicks
24;Kevin Durant;AP;2012-2013;5;Oklahoma City Thunder
26;Al Horford;P;2012-2013;5;Atlanta Hawks
36;Tim Duncan;P;2012-2013;15;San Antonio Spurs
28;LeBron James;P;2012-2013;9;Miami Heat
24;Kevin Durant;AP;2012-2013;5;Oklahoma City Thunder
28;LeBron James;P;2012-2013;9;Miami Heat
23;Kenneth Faried;P;2012-2013;1;Denver Nuggets
23;Brandon Jennings;E;2012-2013;3;Milwaukee Bucks
23;James Harden;E;2012-2013;3;Houston Rockets
25;Jeff Teague;B;2013-2014;4;Atlanta Hawks
28;Monta Ellis;E;2013-2014;8;Dallas Mavericks
29;Al Jefferson;P;2013-2014;9;Charlotte Bobcats
35;Dirk Nowitzki;P;2013-2014;15;Dallas Mavericks
23;Nikola Vucevic;P;2013-2014;2;Orlando Magic
37;Tim Duncan;P;2013-2014;16;San Antonio Spurs
32;Joe Johnson;E;2013-2014;12;Brooklyn Nets
25;Kevin Durant;AP;2013-2014;6;Oklahoma City Thunder
29;Al Jefferson;P;2013-2014;9;Charlotte Bobcats
24;Blake Griffin;P;2013-2014;4;Los Angeles Clippers
29;Carmelo Anthony;P;2013-2014;10;New York Knicks
24;James Harden;E;2013-2014;4;Houston Rockets
23;John Wall;B;2013-2014;3;Washington Wizards
24;James Harden;E;2013-2014;4;Houston Rockets
23;Kemba Walker;E;2013-2014;2;Charlotte Bobcats
25;Kevin Love;P;2013-2014;5;Minnesota Timberwolves
21;Jared Sullinger;A;2013-2014;1;Boston Celtics
25;Kevin Durant;AP;2013-2014;6;Oklahoma City Thunder
27;Kyle Lowry;B;2013-2014;7;Toronto Raptors
27;Goran Dragic;E;2013-2014;5;Phoenix Suns
29;Paul Millsap;P;2013-2014;7;Atlanta Hawks
25;Kevin Durant;AP;2013-2014;6;Oklahoma City Thunder
23;Paul George;B;2013-2014;3;Indiana Pacers
25;Kevin Durant;AP;2013-2014;6;Oklahoma City Thunder
29;Carmelo Anthony;P;2013-2014;10;New York Knicks
23;DeMarcus Cousins;A;2013-2014;3;Sacramento Kings
25;Thaddeus Young;P;2013-2014;6;Philadelphia Sixers
30;David Lee;P;2013-2014;8;Golden State Warriors
29;Chris Bosh;P;2013-2014;10;Miami Heat
25;Kevin Durant;AP;2013-2014;6;Oklahoma City Thunder
32;Dwyane Wade;E;2013-2014;10;Miami Heat
24;Blake Griffin;P;2013-2014;4;Los Angeles Clippers
21;Kyrie Irving;E;2013-2014;2;Cleveland Cavaliers
28;LaMarcus Aldridge;P;2013-2014;7;Portland Trail Blazers
25;Jordan Crawford;E;2013-2014;3;Boston Celtics
28;LaMarcus Aldridge;P;2013-2014;7;Portland Trail Blazers
29;LeBron James;P;2013-2014;10;Miami Heat
25;Kevin Durant;AP;2013-2014;6;Oklahoma City Thunder
23;John Wall;B;2013-2014;3;Washington Wizards
28;LaMarcus Aldridge;P;2013-2014;7;Portland Trail Blazers
29;LeBron James;P;2013-2014;10;Miami Heat
24;Blake Griffin;P;2013-2014;4;Los Angeles Clippers
23;Paul George;B;2013-2014;3;Indiana Pacers
24;Markieff Morris;P;2013-2014;2;Phoenix Suns
22;Michael Carter-Williams;B;2013-2014;0;Philadelphia Sixers
25;Kevin Love;P;2013-2014;5;Minnesota Timberwolves
26;Isaiah Thomas;B;2014-2015;3;Boston Celtics
38;Tim Duncan;P;2014-2015;17;San Antonio Spurs
26;Brook Lopez;A;2014-2015;6;Brooklyn Nets
25;James Harden;E;2014-2015;5;Houston Rockets
26;Brook Lopez;A;2014-2015;6;Brooklyn Nets
26;Stephen Curry;E;2014-2015;5;Golden State Warriors
33;Dwyane Wade;E;2014-2015;11;Miami Heat
29;Chris Paul;B;2014-2015;9;Los Angeles Clippers
22;Kyrie Irving;E;2014-2015;3;Cleveland Cavaliers
21;Anthony Davis;P;2014-2015;2;New Orleans Pelicans
32;Mo Williams;E;2014-2015;11;Charlotte Hornets
26;Russell Westbrook;E;2014-2015;6;Oklahoma City Thunder
26;Isaiah Thomas;B;2014-2015;3;Boston Celtics
24;Damian Lillard;E;2014-2015;2;Portland Trail Blazers
20;Giannis Antetokounmpo;P;2014-2015;1;Milwaukee Bucks
26;Russell Westbrook;E;2014-2015;6;Oklahoma City Thunder
22;Kyrie Irving;E;2014-2015;3;Cleveland Cavaliers
33;Zach Randolph;P;2014-2015;13;Memphis Grizzlies
30;LeBron James;P;2014-2015;11;Cleveland Cavaliers
25;Klay Thompson;E;2014-2015;3;Golden State Warriors
28;Al Horford;P;2014-2015;7;Atlanta Hawks
32;Mo Williams;E;2014-2015;11;Minnesota Timberwolves
24;Kemba Walker;E;2014-2015;3;Charlotte Hornets
25;Klay Thompson;E;2014-2015;3;Golden State Warriors
26;Jeff Teague;B;2014-2015;5;Atlanta Hawks
26;Kevin Durant;AP;2014-2015;7;Oklahoma City Thunder
25;Jimmy Butler;B;2014-2015;3;Chicago Bulls
25;James Harden;E;2014-2015;5;Houston Rockets
28;Al Horford;P;2014-2015;7;Atlanta Hawks
29;LaMarcus Aldridge;P;2014-2015;8;Portland Trail Blazers
24;John Wall;B;2014-2015;4;Washington Wizards
25;James Harden;E;2014-2015;5;Houston Rockets
28;Kyle Lowry;B;2014-2015;8;Toronto Raptors
29;LaMarcus Aldridge;P;2014-2015;8;Portland Trail Blazers
30;LeBron James;P;2014-2015;11;Cleveland Cavaliers
25;Blake Griffin;P;2014-2015;5;Los Angeles Clippers
28;Lou Williams;E;2014-2015;9;Toronto Raptors
24;DeMarcus Cousins;A;2014-2015;4;Sacramento Kings
30;LeBron James;P;2014-2015;11;Cleveland Cavaliers
24;Damian Lillard;E;2014-2015;2;Portland Trail Blazers
30;Deron Williams;B;2014-2015;9;Brooklyn Nets
26;Stephen Curry;E;2014-2015;5;Golden State Warriors
30;Chris Bosh;P;2014-2015;11;Miami Heat
25;Klay Thompson;E;2014-2015;3;Golden State Warriors
31;Paul Millsap;P;2015-2016;9;Atlanta Hawks
20;Karl-Anthony Towns;A;2015-2016;0;Minnesota Timberwolves
31;LeBron James;P;2015-2016;12;Cleveland Cavaliers
31;J.J. Barea;E;2015-2016;9;Dallas Mavericks
31;LeBron James;P;2015-2016;12;Cleveland Cavaliers
26;Klay Thompson;E;2015-2016;4;Golden State Warriors
29;Kyle Lowry;B;2015-2016;9;Toronto Raptors
27;Kevin Durant;AP;2015-2016;8;Oklahoma City Thunder
25;Kemba Walker;E;2015-2016;4;Charlotte Hornets
27;Stephen Curry;E;2015-2016;6;Golden State Warriors
31;LeBron James;P;2015-2016;12;Cleveland Cavaliers
24;Kawhi Leonard;P;2015-2016;4;San Antonio Spurs
29;Kyle Lowry;B;2015-2016;9;Toronto Raptors
27;Stephen Curry;E;2015-2016;6;Golden State Warriors
27;Isaiah Thomas;B;2015-2016;4;Boston Celtics
30;LaMarcus Aldridge;P;2015-2016;9;San Antonio Spurs
34;Dwyane Wade;E;2015-2016;12;Miami Heat
27;Kevin Durant;AP;2015-2016;8;Oklahoma City Thunder
25;Kemba Walker;E;2015-2016;4;Charlotte Hornets
25;DeMarcus Cousins;A;2015-2016;5;Sacramento Kings
25;John Wall;B;2015-2016;5;Washington Wizards
27;Kevin Durant;AP;2015-2016;8;Oklahoma City Thunder
31;LeBron James;P;2015-2016;12;Cleveland Cavaliers
30;Chris Paul;B;2015-2016;10;Los Angeles Clippers
27;Brook Lopez;A;2015-2016;7;Brooklyn Nets
25;Draymond Green;P;2015-2016;3;Golden State Warriors
32;Marcin Gortat;P;2015-2016;8;Washington Wizards
27;Russell Westbrook;E;2015-2016;7;Oklahoma City Thunder
25;Reggie Jackson;E;2015-2016;4;Detroit Pistons
24;Kawhi Leonard;P;2015-2016;4;San Antonio Spurs
26;DeMar DeRozan;B;2015-2016;6;Toronto Raptors
27;Kevin Durant;AP;2015-2016;8;Oklahoma City Thunder
25;Reggie Jackson;E;2015-2016;4;Detroit Pistons
27;Stephen Curry;E;2015-2016;6;Golden State Warriors
25;Paul George;B;2015-2016;5;Indiana Pacers
27;Kevin Durant;AP;2015-2016;8;Oklahoma City Thunder
31;LeBron James;P;2015-2016;12;Cleveland Cavaliers
27;Stephen Curry;E;2015-2016;6;Golden State Warriors
27;Nicolas Batum;P;2015-2016;7;Charlotte Hornets
25;DeMarcus Cousins;A;2015-2016;5;Sacramento Kings
22;Andre Drummond;A;2015-2016;3;Detroit Pistons
26;James Harden;E;2015-2016;6;Houston Rockets
22;Andre Drummond;A;2015-2016;3;Detroit Pistons
27;Stephen Curry;E;2015-2016;6;Golden State Warriors
26;Paul George;B;2016-2017;6;Indiana Pacers
28;Russell Westbrook;E;2016-2017;8;Oklahoma City Thunder
27;Jimmy Butler;B;2016-2017;5;Chicago Bulls
28;Stephen Curry;E;2016-2017;7;Golden State Warriors
27;DeMar DeRozan;B;2016-2017;7;Toronto Raptors
27;James Harden;E;2016-2017;7;Houston Rockets
27;Hassan Whiteside;A;2016-2017;4;Miami Heat
26;Damian Lillard;E;2016-2017;4;Portland Trail Blazers
26;John Wall;B;2016-2017;6;Washington Wizards
21;Karl-Anthony Towns;A;2016-2017;1;Minnesota Timberwolves
26;Kemba Walker;E;2016-2017;5;Charlotte Hornets
25;Kawhi Leonard;P;2016-2017;5;San Antonio Spurs
32;LeBron James;P;2016-2017;13;Cleveland Cavaliers
27;Blake Griffin;P;2016-2017;7;Los Angeles Clippers
28;Isaiah Thomas;B;2016-2017;5;Boston Celtics
28;Stephen Curry;E;2016-2017;7;Golden State Warriors
25;Dion Waiters;E;2016-2017;4;Miami Heat
26;DeMarcus Cousins;A;2016-2017;6;Sacramento Kings
22;Joel Embiid;A;2016-2017;2;Philadelphia Sixers
25;Kawhi Leonard;P;2016-2017;5;San Antonio Spurs
27;DeMar DeRozan;B;2016-2017;7;Toronto Raptors
26;Gordon Hayward;B;2016-2017;6;Utah Jazz
27;Jimmy Butler;B;2016-2017;5;Chicago Bulls
28;Stephen Curry;E;2016-2017;7;Golden State Warriors
26;John Wall;B;2016-2017;6;Washington Wizards
27;James Harden;E;2016-2017;7;Houston Rockets
28;Isaiah Thomas;B;2016-2017;5;Boston Celtics
28;Russell Westbrook;E;2016-2017;8;Oklahoma City Thunder
27;DeMar DeRozan;B;2016-2017;7;Toronto Raptors
27;James Harden;E;2016-2017;7;Houston Rockets
32;LeBron James;P;2016-2017;13;Cleveland Cavaliers
32;Marc Gasol;A;2016-2017;8;Memphis Grizzlies
22;Giannis Antetokounmpo;P;2016-2017;3;Milwaukee Bucks
28;Russell Westbrook;E;2016-2017;8;Oklahoma City Thunder
28;Kevin Love;P;2016-2017;8;Cleveland Cavaliers
28;Kevin Durant;AP;2016-2017;9;Golden State Warriors
27;Jimmy Butler;B;2016-2017;5;Chicago Bulls
23;Anthony Davis;P;2016-2017;4;New Orleans Pelicans
27;DeMar DeRozan;B;2016-2017;7;Toronto Raptors
27;James Harden;E;2016-2017;7;Houston Rockets
32;LeBron James;P;2016-2017;13;Cleveland Cavaliers
30;George Hill;E;2016-2017;8;Utah Jazz
32;LeBron James;P;2016-2017;13;Cleveland Cavaliers
28;Russell Westbrook;E;2016-2017;8;Oklahoma City Thunder
21;Ben Simmons;P;2017-2018;1;Philadelphia Sixers
23;Nikola Jokic;A;2017-2018;2;Denver Nuggets
25;Victor Oladipo;E;2017-2018;4;Indiana Pacers
27;Damian Lillard;E;2017-2018;5;Portland Trail Blazers
33;LeBron James;P;2017-2018;14;Cleveland Cavaliers
32;LaMarcus Aldridge;P;2017-2018;11;San Antonio Spurs
33;LeBron James;P;2017-2018;14;Cleveland Cavaliers
29;Russell Westbrook;E;2017-2018;9;Oklahoma City Thunder
28;DeMar DeRozan;B;2017-2018;8;Toronto Raptors
27;Damian Lillard;E;2017-2018;5;Portland Trail Blazers
28;DeMar DeRozan;B;2017-2018;8;Toronto Raptors
24;Anthony Davis;P;2017-2018;5;New Orleans Pelicans
23;Joel Embiid;A;2017-2018;3;Philadelphia Sixers
28;James Harden;E;2017-2018;8;Houston Rockets
24;Andre Drummond;A;2017-2018;5;Detroit Pistons
28;James Harden;E;2017-2018;8;Houston Rockets
26;Khris Middleton;AP;2017-2018;5;Milwaukee Bucks
29;Stephen Curry;E;2017-2018;8;Golden State Warriors
23;Joel Embiid;A;2017-2018;3;Philadelphia Sixers
27;Damian Lillard;E;2017-2018;5;Portland Trail Blazers
31;Goran Dragic;E;2017-2018;9;Miami Heat
31;Lou Williams;E;2017-2018;12;Los Angeles Clippers
28;DeMar DeRozan;B;2017-2018;8;Toronto Raptors
29;Stephen Curry;E;2017-2018;8;Golden State Warriors
24;Bradley Beal;E;2017-2018;5;Washington Wizards
31;Lou Williams;E;2017-2018;12;Los Angeles Clippers
28;DeMar DeRozan;B;2017-2018;8;Toronto Raptors
29;Russell Westbrook;E;2017-2018;9;Oklahoma City Thunder
33;LeBron James;P;2017-2018;14;Cleveland Cavaliers
32;Chris Paul;B;2017-2018;12;Houston Rockets
25;Victor Oladipo;E;2017-2018;4;Indiana Pacers
29;Kevin Durant;AP;2017-2018;10;Golden State Warriors
33;LeBron James;P;2017-2018;14;Cleveland Cavaliers
28;James Harden;E;2017-2018;8;Houston Rockets
31;Goran Dragic;E;2017-2018;9;Miami Heat
24;Anthony Davis;P;2017-2018;5;New Orleans Pelicans
28;DeMar DeRozan;B;2017-2018;8;Toronto Raptors
22;Karl-Anthony Towns;A;2017-2018;2;Minnesota Timberwolves
25;Tobias Harris;P;2017-2018;6;Detroit Pistons
23;Nikola Jokic;A;2017-2018;2;Denver Nuggets
22;Kristaps Porzingis;P;2017-2018;2;New York Knicks
28;James Harden;E;2017-2018;8;Houston Rockets
25;Victor Oladipo;E;2017-2018;4;Indiana Pacers
27;DeMarcus Cousins;A;2017-2018;7;New Orleans Pelicans
23;Giannis Antetokounmpo;P;2017-2018;4;Milwaukee Bucks
28;James Harden;E;2017-2018;8;Houston Rockets
